Slug,Full Name,Issue,Release Date,Content
yourpicklebounce,How High Should Your Pickle Bounce?,1,"January 28, 2026",https://docs.google.com/document/d/1c_wHXgdQQ3a2eZX5tvR7q7s_lq7HHgFK5aDvFTCld44/edit?usp=sharing
blessyourpickle,This Priest Will Bless Your Pickle. Let Us Pray.,2,"February 4, 2026",https://docs.google.com/document/d/1uM_UDwP43JHxzbNY6p26CGX2zhb4sDwJWrV6A0EQCzc/edit?usp=sharing
pickleaddictsanonymous,Hot Takes from the Pickle Addicts Anonymous Facebook Group,3,"February 11, 2026",https://docs.google.com/document/d/16REZS3rX50xu3hM9HpjTCG7iRpW6jofBgQ2gNmy8o2E/edit?usp=sharing
daddywheredopicklescomesfrom,"Daddy, Where Do Pickles Come From",4,"February 18, 2026",https://docs.google.com/document/d/1ygzVxxJ3S1Xl829QYdMGvAR8j9d28ustwsY93VXAkfc/edit?usp=sharing
koolaidpickles,Kool-Aid Pickles And Their Place in Southern Food History.,5,"February 25, 2026",https://docs.google.com/document/d/1g7_BSLHP9SOe0VQWlSjzKmYQb_2HgdwOInP8U3YXHu0/edit?usp=sharing
picklepriestinterview,Exclusive Interview With His Holiness The Pickle Priest,6,"March 4, 2026",https://docs.google.com/document/d/1i-Ushe89GSErcs6lrN1xX6vzIftsBnabmZGK6nmdmRU/edit?usp=sharing
whyareathletesdrinkingpicklejuice,Why Are Athletes Drinking Pickle Juice?,7,"March 11, 2026",https://docs.google.com/document/d/1E4D57Jxuguul5q0kapecUrMGsA-2rucNn4Md4get_p0/edit?usp=drive_link
pamelaandersonspickles,Pamela Anderson’s $38 Pickles Sent Me Into an Existential Doom Spiral.,8,"March 18, 2026",https://docs.google.com/document/d/1Ly9iBNmpv3peijYzeg2R_w9nh0iI2OZTofp7mLMU9g0/edit?usp=sharing
famouspicklesinfilmandtv,5 Famous Pickles in Film and Television,9,"March 25, 2026", https://docs.google.com/document/d/1lxuZY4dwnzoxpXHU-ghfu0RnQpSd468XdjpAtyFFp8E/edit?usp=sharing
picklestastebetterat2am,Why Do Pickles Taste Better at 2 AM?,10,"April 1, 2026",https://docs.google.com/document/d/1X2qoJB60N4IyTyHogBZkpjPYXyUMEuPCAZgXA5nr_7E/edit?usp=sharing
thegreatpicklewaveof2025,The Great Pickle Wave of 2025,11,"April 8, 2026",https://docs.google.com/document/d/1d69yKeHvYAkT57c5CFejbdmjkV2EenlPiIU8-UIb5Zo/edit?usp=sharing
nycpicklewar,New York City’s Decades-Long Pickle War,12,"April 15, 2026",https://docs.google.com/document/d/1Cw7-GAAXucnb0Fjloy4TMHmsK9d01MxRp2cLTgqtYag/edit?usp=sharing
ihatesweetpickles,I Hate Sweet Pickles and So Does the Internet. Are We the Problem?,13,"April 22, 2026",https://docs.google.com/document/d/1y6lUGuyB21-j9-6RR51MSQR1TteB6WuJBUo24L7IejI/edit?usp=sharing
picklerelatedcrimes,5 Pickle-Related Crimes that Make You Go “...what”?,14,"April 29, 2026",https://docs.google.com/document/d/1BUy3tcIwJK5s6DKBprBT9O2uUzAJ7XS75tDf-ptvMAM/edit?usp=sharing
cheapvsexpensivepickles,The Pickled Price: Is There a Difference Between Cheap vs. Expensive Pickles?,15,"May 6, 2026",https://docs.google.com/document/d/1F1RBSnQWFVvvmd6DuZ6xx6aWEh2fBBIavjs1RDPVK7c/edit?usp=sharing
fermentedfeelings,Fermented Feelings: Can Pickles Treat Your Social Anxiety?,16,"May 13, 2026",https://docs.google.com/document/d/1tiMZ84X9W_8rR080MqVnraIosobGvrsuvFXQDGUrAWc/edit?usp=sharing
picklesinwar,The Role of Pickles in War,17,"May 20, 2026",https://docs.google.com/document/d/1IMsqFTWg_TkM9wYQW4UOxurQsGkizwBPpTe33NvpprA/edit?usp=sharing
picklecorefashion,The Unexpected Rise of Pickle Core Fashion,18,"May 27, 2026",https://docs.google.com/document/d/1YPzy5mW9alND6oCUMRUcgMJ--2AunX9qzOfpAmf9ygk/edit?usp=sharing
biggestplayers,The Biggest Players in the Pickle Market,19,"June 3, 2026",https://docs.google.com/document/d/17Gps-KrOrhmf4h2-WLsS8FuOyMxtLZPS5awITymRxBU/edit?tab=t.2sjwiqy4c1az
areligiousloveofpickles,A Religious Love of Pickles,20,"June 10, 2026",https://docs.google.com/document/d/17Gps-KrOrhmf4h2-WLsS8FuOyMxtLZPS5awITymRxBU/edit?tab=t.ot0qd26up1hw
saltyunderdogs,The Salty Underdogs Making a Splash in the Pickle Industry,21,"June 17, 2026",https://docs.google.com/document/d/17Gps-KrOrhmf4h2-WLsS8FuOyMxtLZPS5awITymRxBU/edit?tab=t.5hshkhev8iy
hotgirlpickles,The Story of Hot Girl Pickles (viral pickle company that exploded with No Marketing),22,"June 24, 2026",https://docs.google.com/document/d/1jaAhxiXClDmZEPB7udRTi52pP1bMdl3LJyzFZ9okYI0/edit?usp=sharing
pickleinfluencers,Top 7 Pickle Influencers,23,"July 1, 2026",https://docs.google.com/document/d/17Gps-KrOrhmf4h2-WLsS8FuOyMxtLZPS5awITymRxBU/edit?tab=t.ujvqs9ruxde3