Slug,Full Name,Issue #,Release Date,Content,Header Image,Editorial Status,Campaign Status,Heeb Ad,Heeb Approval,Send Status,CIO Link,Maya,Subject A,Subject B,Winner
natashalyonne,Natasha Lyonne,1,"January 29, 2026",,,Edits Finalized,Final in CIO,,,Scheduled,https://fly.customer.io/workspaces/198880/journeys/broadcasts/newsletter/38/overview/content?templateId=73,Approved,,,
alinekominskycrumb,Cartoonist Aline Kominsky-Crumb,2,"February 5, 2026",,,Edits Finalized,Final in CIO,,,Scheduled,https://fly.customer.io/workspaces/198880/journeys/broadcasts/newsletter/50/overview/content?templateId=90,Approved,,,
kinkyfriedman,Kinky Friedman,3,"February 12, 2026",https://docs.google.com/document/d/105_bGmz-lBKA-mKA2W7mZNPCwju1T8G7NWMkYV5kczw/edit?usp=sharing,,Edits Finalized,Final in CIO,,,Scheduled,https://fly.customer.io/workspaces/198880/journeys/broadcasts/newsletter/54/overview/reports,Approved,,,
innerheebs,"Beastie Boys Ad-Rock, Mca and Mike D Embrace Their Inner Heebs",4,"February 19, 2026",https://docs.google.com/document/d/105_bGmz-lBKA-mKA2W7mZNPCwju1T8G7NWMkYV5kczw/edit?usp=sharing,,Edits Finalized,Final in CIO,,,Scheduled,https://fly.customer.io/workspaces/198880/journeys/broadcasts/newsletter/57/overview/content?templateId=97,Approved,,,
jewesses,The Jewesses of 2003,5,"February 26, 2026",https://docs.google.com/document/d/105_bGmz-lBKA-mKA2W7mZNPCwju1T8G7NWMkYV5kczw/edit?usp=sharing,,Edits Finalized,Final in CIO,,,Scheduled,https://fly.customer.io/workspaces/198880/journeys/broadcasts/newsletter/65/overview/content?templateId=105,Approved,,,
polyamorousjews,The World of Polyamorous Jews,6,"March 5, 2026",https://docs.google.com/document/d/105_bGmz-lBKA-mKA2W7mZNPCwju1T8G7NWMkYV5kczw/edit?usp=sharing,,Edits Finalized,Final in CIO,,,Scheduled,https://fly.customer.io/workspaces/198880/journeys/broadcasts/newsletter/72/overview/reports,Approved,,,
peaches,Peaches,7,"March 12, 2026",https://docs.google.com/document/d/19XrfXD8mA2kQ9gEAzy1Ki0vD5o9uS4V8Oali6SbfsYE/edit?usp=sharing,,Edits Finalized,Final in CIO,,,Scheduled,https://fly.customer.io/workspaces/198880/journeys/broadcasts/newsletter/78/overview/reports,Approved,,,
jewfro,Jew fro,8,"March 19, 2026",https://docs.google.com/document/d/1jYJXll0pSF8JCuFZ7uKmtTEcM9ZuTzA0TgQU0cqrnNA/edit?usp=sharing,,Edits Finalized,Final in CIO,,,Scheduled,https://fly.customer.io/workspaces/198880/journeys/broadcasts/newsletter/79/overview/reports,Approved,,,
sweatshopchic,Sweatshop chic,9,"March 26, 2026",https://docs.google.com/document/d/1_XWh6S93SkEAEr3Pred4su9CMgVljMSwOKYOdh1uYLs/edit?usp=sharing,,Edits Finalized,Final in CIO,,,Scheduled,https://fly.customer.io/workspaces/198880/journeys/broadcasts/newsletter/80/overview/content?templateId=120,Approved,,,
lonelyisland,The Lonely Island,10,"April 2, 2026",https://docs.google.com/document/d/1yVnj_z1kQ6sJPje4x9LqjTPKTowyPGwR0vUKtXWSZqU/edit?usp=sharing,,Edits Finalized,Final in CIO,,,Scheduled,https://fly.customer.io/workspaces/198880/journeys/broadcasts/newsletter/120/overview/reports,Approved,,,
sandidubowski,An Interview with Sandi DuBowski,11,"April 9, 2026",https://docs.google.com/document/d/1V1LxRgix4bAIQIWWYCWywof1vvVuZuLTSDANkWp5kNA/edit?usp=sharing,,Edits Finalized,Final in CIO,,,Scheduled,https://fly.customer.io/workspaces/198880/journeys/broadcasts/newsletter/121/overview/content?templateId=178,Approved,,,
shtickysituation,Shticky Situation,12,"April 16, 2026",https://docs.google.com/document/d/1UsaPbBRBwNV1_aiX2buBrlxxPJAfJGkgVxdXvE9xvQQ/edit?usp=sharing,,Edits Finalized,Final in CIO,,,Scheduled,https://fly.customer.io/workspaces/198880/journeys/broadcasts/newsletter/122/overview/reports,Approved,,,
jerryheller,Jerry Heller,13,"April 23, 2026",https://docs.google.com/document/d/17Ux4en1s8naOZdbnFX0blUFutOAY7hVUfU0v0d-UTW0/edit?usp=sharing,,Edits Finalized,Final in CIO,,,Scheduled,https://fly.customer.io/workspaces/198880/journeys/broadcasts/newsletter/124/overview/reports,Approved,,,
tonykushner,Tony Kushner,14,"April 30, 2026",https://docs.google.com/document/d/1YHKZmUKyFs2J2tZKNm558wRtiGUjyO6IYTQLm5uKvKI/edit?usp=sharing,,Edits Finalized,Final in CIO,,,Scheduled,https://fly.customer.io/workspaces/198880/journeys/broadcasts/newsletter/126/overview/reports,Approved,,,
bubbelicious,Bubbe-licious,15,"May 7, 2026",https://docs.google.com/document/d/1aEmO5KM1gdpLMdVpyBBdzud-zeKh1qtUgk-_ROvWwrs/edit?tab=t.0#heading=h.xjsocmh2il5a,,Edits Finalized,Final in CIO,,,Scheduled,https://fly.customer.io/workspaces/198880/journeys/broadcasts/newsletter/140/setup/content,Approved,,,
catherineohara,Catherine O'Hara,16,"May 14, 2026",https://docs.google.com/document/d/1Ghoy8ZsqOETn-vCFJ2NypT2UNmlwJMIpygFgwU9UjdU/edit?tab=t.0,,Edits Finalized,Final in CIO,,,Scheduled,https://fly.customer.io/workspaces/198880/journeys/broadcasts/newsletter/141/setup/content,Approved,,,
bestfemmesforever,Best Femmes Forever Photoshoot,17,"May 21, 2026",https://docs.google.com/document/d/1_mHxCO2Nsq8j1PkOuXERHzo5d32c6tVCTmDiFi-vCow/edit?tab=t.0,,Edits Finalized,Final in CIO,,,Scheduled,https://fly.customer.io/workspaces/198880/journeys/broadcasts/newsletter/147/setup/review,Approved,,,
courtneylove,Courtney Love,18,"May 28, 2026",https://docs.google.com/document/d/1fNna538mI02_7QNQZF8vmL-6rDlmSGzc8QYKXjoSI7c/edit?tab=t.0,,Edits Finalized,Final in CIO,,,Scheduled,https://fly.customer.io/workspaces/198880/journeys/broadcasts/newsletter/148/setup/content,Approved,,,
normanstiles,Norman Stiles,19,"June 4, 2026",https://docs.google.com/document/d/1-53t7vpOiO4BFMoBkFPeXr_uo80ggYr-UlAonrWcrSI/edit?tab=t.0#heading=h.30er459u045m,,Edits Finalized,Final in CIO,Join the Guild - FTV,,Scheduled,https://fly.customer.io/workspaces/198880/journeys/broadcasts/newsletter/149/setup/content?from=design-studio,Approved,,,
petersinger,Peter Singer,20,"June 11, 2026",https://docs.google.com/document/d/1HJZQ2E-hmVmxvCeYPiURFskweo3aJaRFl8Fw--vz3e8/edit?tab=t.0,,Edits Finalized,Final in CIO,Podcast Sponsorship,,Scheduled,https://fly.customer.io/workspaces/198880/journeys/broadcasts/newsletter/173/setup/review,Approved,,,
judyblume,Judy Blume,21,"June 18, 2026",https://docs.google.com/document/d/1M2ERvcuhwzFRqJx3nO7XVgeDjuvPVCWIC-pHkhPJyc8/edit?tab=t.0,,Edits Finalized,Final in CIO,Join the Guild - FTV,,Scheduled,https://fly.customer.io/workspaces/198880/journeys/broadcasts/newsletter/174/setup/content,Approved,,,
falloutboy,Fall Out Boy,22,"June 25, 2026",https://docs.google.com/document/d/1QJPCiW9cKESjo_jjp-bloxOeJ-w_1QH3y-yGhGu4LNg/edit?tab=t.0,,Edits Finalized,Final in CIO,Merch Ad - FTV,Approved,Scheduled,https://fly.customer.io/workspaces/198880/journeys/broadcasts/newsletter/175/setup/content,Approved,,,
kristenschaal,Kristen Schaal,23,"July 2, 2026",https://docs.google.com/document/d/1230GDVLiM1T34X8VQ9x9e5W6kqbeybfhYlpfbQfXRsQ/edit?tab=t.0#heading=h.38o909cl3bkt,,Edits Finalized,Final in CIO,Podcast Sponsorship,Approved,Scheduled,https://fly.customer.io/workspaces/198880/journeys/broadcasts/newsletter/176/setup/content,Approved,,,
vampireweekend,Vampire Weekend,24,"July 9, 2026",https://docs.google.com/document/d/1qmUTNQsyHYXIxH-wV11P-W8upMSPFMk53IIshtyeMYQ/edit?tab=t.0#heading=h.38o909cl3bkt,,Edits Finalized,Final in CIO,Join the Guild - FTV,Approved,Scheduled,https://fly.customer.io/workspaces/198880/journeys/broadcasts/newsletter/177/setup/content?from=design-studio,Approved,,,
jewsforjesus,Jews for Jesus,25,"July 16, 2026",https://docs.google.com/document/d/1ITShMtOEMYjTwTHEfn-YIsudaBkxr2lWfRrZbzcag5c/edit?usp=sharing,,Edits Finalized,Drafted in CIO,Merch Ad - FTV,Approved,Scheduled,https://fly.customer.io/workspaces/198880/journeys/broadcasts/newsletter/269/setup/content,Not Reviewed,,,
amygoodman,Amy Goodman,26,"July 23, 2026",https://docs.google.com/document/d/1afI8HbnFgeANqqTN0OcIplACyDnJKSgOzvWFoOKIRVw/edit?usp=sharing,,Edits Finalized,Drafted in CIO,Join the Guild - FTV,Approved,Scheduled,https://fly.customer.io/workspaces/198880/journeys/broadcasts/newsletter/270/setup/content,Not Reviewed,We Want the Airwaves: Democracy Now!’s Amy Goodman on Who Really Owns the Media,Is Your News Feed Really Free? Amy Goodman on Democracy Now,
comix,Comix,27,"July 30, 2026",https://docs.google.com/document/d/1bcJByHrutbO0Y168H9IxM77oXM6r6KBd9Xpqzy6aS0c/edit?usp=sharing,,Edits Finalized,Drafted in CIO,Podcast Sponsorship,Approved,Scheduled,https://fly.customer.io/workspaces/198880/journeys/broadcasts/newsletter/276/setup/content?from=design-studio,Approved,Fanya & Esther in Stinky Pickles,"Two sisters, one Yiddish comic, a lot of pickles",B
reverendbilly,Reverend Billy,28,"August 6, 2026",https://docs.google.com/document/d/1sF6T0mV-AtmqZ4xaNuNgLCMfZGuaoeNsOPnUu3ho0vw/edit?usp=sharing,,Edits Finalized,Drafted in CIO,Merch Ad - FTV,Approved,Scheduled,https://fly.customer.io/workspaces/198880/journeys/broadcasts/newsletter/271/setup/content,Approved,,,
crimesofpassion,Crimes of Passion,29,"August 13, 2026",https://docs.google.com/document/d/12TwSXH01KuOIodCbzGPqOaFJnp8YSekLlh9Cfz2xQY0/edit?usp=sharing,,Edits Finalized,Drafted in CIO,Podcast Sponsorship,Approved,Scheduled,https://fly.customer.io/workspaces/198880/journeys/broadcasts/newsletter/272/setup/content,Approved,,,
mollycrabapple,Molly Crabapple Comix,30,"August 20, 2026",https://docs.google.com/document/d/1_h9MKa9EaEwkz-cr2_KDW38SQK-OPlmTpLSskzDVx-I/edit?usp=sharing,,Edits Finalized,Drafted in CIO,Join the Guild - FTV,Approved,Scheduled,https://fly.customer.io/workspaces/198880/journeys/broadcasts/newsletter/273/setup/content,Approved,"A coloring book, but make it burlesque",The burlesque salon that became a coloring book,
joanrivers,Joan Rivers,31,"August 27, 2026",https://docs.google.com/document/d/1Vzn5S4Cel16pK_78KiMqlq9yO6CdkcsNvcdJiwqIDok/edit?usp=sharing,,Edits Finalized,Drafted in CIO,Merch Ad - FTV,Approved,Scheduled,https://fly.customer.io/workspaces/198880/journeys/broadcasts/newsletter/274/setup/content,Approved,Joan of Snark,"""Can I laugh at this?"" Joan Rivers, unfiltered",
jeffgoldblum,6 Degrees of Jeff Goldblum,32,"September 3, 2026",https://docs.google.com/document/d/1Khdvq5EokmeygGgWNmxuwB7-40J6lPgrzhpF1bOcs-g/edit?usp=sharing,,Edits Finalized,Drafted in CIO,Join the Guild - FTV,Approved,Scheduled,https://fly.customer.io/workspaces/198880/journeys/broadcasts/newsletter/354/setup/content,Approved,Forget Kevin Bacon,Jeff Goldblum connects all of Hollywood,
,,,,,,,,,,,,,,,
,,,,,,,,,,,,,,,
jesseeisenberg,Spin Doctor: The Twisted Web of Jesse Eisenberg,33,"September 10, 2026",https://docs.google.com/document/d/1BuapNzJgfbpyxIg2N8odna_j44EuMjJH6877e-5i9-I/edit?usp=sharing,,Edits Finalized,Drafted in CIO,Podcast Sponsorship,Not Sent for Approval,Scheduled,https://fly.customer.io/workspaces/198880/journeys/broadcasts/newsletter/355/setup/content,Approved,,,
andyborowitz,Primetime Playa,34,"September 17, 2026",https://docs.google.com/document/d/1hWBhu_rkcauE21L5uK80scOQm_E0nDKRkK6A0t7fQaE/edit?usp=sharinghttps://docs.google.com/document/d/1hWBhu_rkcauE21L5uK80scOQm_E0nDKRkK6A0t7fQaE/edit?usp=sharing,,Edits Finalized,Drafted in CIO,Merch Ad - FTV,Not Sent for Approval,Scheduled,https://fly.customer.io/workspaces/198880/journeys/broadcasts/newsletter/356/setup/content,Approved,,,
,,,,,,,,,,,,,,,
,,,,,,,,,,,,,,,
,,35,,,,,,,,,,,,,
baseball,"Where Have You Gone, Sandy Koufax?",35,"September 24, 2026",https://docs.google.com/document/d/13S3DrU-7lRUDkPCJoznvmBdZ3Ey2Wgxq8ruiutfJVNQ/edit?usp=sharing,,Being Written,Drafted in CIO,Join the Guild - FTV,Not Sent for Approval,Scheduled,https://fly.customer.io/workspaces/198880/journeys/broadcasts/newsletter/361/setup/content,Approved,,,
,,,,,,,,,,,,,,,
nomylamm,On the Lamm: Punk Prophetess Nomy Lamm Sounds Off,36,"October 1, 2026",https://docs.google.com/document/d/1r8XdO6rokpq-vmw_ju14Lj1jywJY7p8_mX4NaD1yMAo/edit?usp=sharing,,Edits Finalized,Drafted in CIO,Podcast Sponsorship,Approved,Scheduled,https://fly.customer.io/workspaces/198880/journeys/broadcasts/newsletter/357/setup/content,Approved,,,
larrykramer,"Kvetching and Screaming: The Polemics, Public Spats and Private Denunciations of Larry Kramer",37,"October 8, 2026",https://docs.google.com/document/d/1FHbwBfSbqGHGbBNc1MP4gpgCyVi-Z5DeWHwpduUQ99E/edit?tab=t.0,https://drive.google.com/file/d/1EHK7fwUVvOsx1xLKeq7s8TWhIKja_Rzj/view?usp=drive_link,Edits Finalized,Drafted in CIO,Podcast Sponsorship,Sent for approval,,https://fly.customer.io/workspaces/198880/journeys/broadcasts/newsletter/443/setup/content,,,,
kids,Heeb’s Guide to a Jewish Future: A Roundtable Discussion,38,"October 15, 2026",https://docs.google.com/document/d/1FHbwBfSbqGHGbBNc1MP4gpgCyVi-Z5DeWHwpduUQ99E/edit?tab=t.l1pdqztdstrv,https://drive.google.com/file/d/1loPiCmPXlCFGMlSGorQ6kJfJRbXO0mMN/view?usp=drive_link,Edits Finalized,Drafted in CIO,Join the Guild - FTV,Sent for approval,,https://fly.customer.io/workspaces/198880/journeys/broadcasts/newsletter/444/setup/content,,,,
lisaloeb,Lisa Loeb Re-Branded,39,"October 29, 2026",https://docs.google.com/document/d/1FHbwBfSbqGHGbBNc1MP4gpgCyVi-Z5DeWHwpduUQ99E/edit?tab=t.gs7biwujw7rs,https://drive.google.com/file/d/1kZGWfY3ErvN2i4rsxMG3Eg8Hcth_xcOC/view?usp=drive_link,Edits Finalized,Drafted in CIO,Podcast Sponsorship,Sent for approval,,https://fly.customer.io/workspaces/198880/journeys/broadcasts/newsletter/448/setup/content,,,,
https://docs.google.com/document/d/1FHbwBfSbqGHGbBNc1MP4gpgCyVi-Z5DeWHwpduUQ99E/edit?tab=t.b0qd0wwgyumi,,,,,,,,,,,,,,,
,,,,,,,,,,,,,,,
rebeccawalker,"Rebecca Walker is Black, White and Jewish. And a Mom. And an Activist. And a Writer. ",40,"November 5, 2026",https://docs.google.com/document/d/1FHbwBfSbqGHGbBNc1MP4gpgCyVi-Z5DeWHwpduUQ99E/edit?tab=t.38pflkv9759e,https://drive.google.com/file/d/1dq6lqh9w29q-3VueDPuBMK9EqIFCIPG5/view?usp=drive_link,Edits Finalized,Drafted in CIO,Join the Guild - FTV,Sent for approval,,https://fly.customer.io/workspaces/198880/journeys/broadcasts/newsletter/449/setup/content,,,,
,,,,,,,,,,,,,,,
cutabove,A Cut Above,41,"November 12, 2026",https://docs.google.com/document/d/1FHbwBfSbqGHGbBNc1MP4gpgCyVi-Z5DeWHwpduUQ99E/edit?tab=t.pii3ulu9xe3x,https://drive.google.com/file/d/1AU9c6NaHAyIM-LhmVm7AzOYbJRI-oW9j/view?usp=drive_link,Edits Finalized,Drafted in CIO,Podcast Sponsorship,Sent for approval,,https://fly.customer.io/workspaces/198880/journeys/broadcasts/newsletter/450/setup/content,,,,
,,,,,,,,,,,,,,,
chooseadventure,Choose Your Own Adventure,42,"November 19, 2026",https://docs.google.com/document/d/1FHbwBfSbqGHGbBNc1MP4gpgCyVi-Z5DeWHwpduUQ99E/edit?tab=t.no1tptj68xxg,https://drive.google.com/file/d/1YwRLDhaPnvwBp9DoHtdjXdJe-r9Qyg7e/view?usp=drive_link,Edits Finalized,Drafted in CIO,Join the Guild - FTV,Sent for approval,,https://fly.customer.io/workspaces/198880/journeys/broadcasts/newsletter/452/setup/content,,,,
wastedphotoshoot,Wasted Photoshoot,43,"November 26, 2026",https://docs.google.com/document/d/1FHbwBfSbqGHGbBNc1MP4gpgCyVi-Z5DeWHwpduUQ99E/edit?tab=t.pyrgcm9661jn,https://drive.google.com/file/d/1kv21W-RI_ifnGSWzPXqHLdYsJUEAc59y/view?usp=drive_link,Edits Finalized,Drafted in CIO,Merch Ad - FTV,Sent for approval,,https://fly.customer.io/workspaces/198880/journeys/broadcasts/newsletter/453/setup/content,,,,
hellodolly,"Hello, Dolly: Toys for the Yid in You",44,"December 3, 2026",https://docs.google.com/document/d/1FHbwBfSbqGHGbBNc1MP4gpgCyVi-Z5DeWHwpduUQ99E/edit?tab=t.pux3yqa5p1sb,https://drive.google.com/file/d/1pNYAa4fDoAI5h6q17XAhLu06XOgEw0KR/view?usp=drive_link,Edits Finalized,Drafted in CIO,Podcast Sponsorship,Sent for approval,,https://fly.customer.io/workspaces/198880/journeys/broadcasts/newsletter/454/setup/content,,,,